250,7.12,35,250,7.12,35
250,7.12,35,250,7.12,35
250,7.12,35,250,7.12,35
250,7.12,35,250,7.12,35
250,7.12,35,250,7.12,35
250,7.12,35,250,7.12,35
250,7.12,35,250,7.12,35
250,7.12,35,250,7.12,35
250,7.12,35,250,7.12,35
250,7.12,35,250,7.12,35
250,7.12,35,250,7.12,35
250,7.12,35,250,7.12,35
250,7.12,35,250,7.12,35
250,7.12,35,250,7.12,35
250,7.12,35,250,7.12,35
250,7.12,35,250,7.12,35
250,7.12,35,250,7.12,35
250,7.12,35,250,7.12,35
250,7.12,35,250,7.12,35
250,7.12,35,250,7.12,35
250,7.12,35,250,7.12,35
250,7.12,35,250,7.12,35
250,7.12,35,250,7.12,35
250,7.12,35,250,7.12,35
250,7.12,35,250,7.12,35
250,7.12,35,250,7.12,35
250,7.12,35,250,7.12,35
250,7.12,35,250,7.12,35
250,7.12,35,250,7.12,35
250,7.12,35,250,7.12,35
250,7.12,35,250,7.12,35
250,7.12,35,250,7.12,35
250,7.12,35,250,7.12,35
250,7.12,35,250,7.12,35
250,7.12,35,250,7.12,35
250,7.12,35,250,7.12,35
250,7.12,35,250,7.12,35
250,7.12,35,250,7.12,35
250,7.12,35,250,7.12,35
250,7.12,35,250,7.12,35
